{
  "t100_final_loss": 0.4498848021030426,
  "t1000_final_loss": 0.2245374470949173,
  "two_layer_final_loss": 0.2245374470949173,
  "four_layer_final_loss": 0.2473241239786148
}